{
    "r2": 0.9993321055872298,
    "mae": 0.008891249758547414,
    "rmse": 0.06715513854351668,
    "explained_variance": 0.9993321209980561,
    "mape": 0.23773403643896615,
    "cv_r2_mean": 0.9962113410187026,
    "cv_r2_std": 0.0022337044626939352,
    "cv_r2_scores": [
        0.9988285957660198,
        0.9945720265604882,
        0.9927608763153976,
        0.9969746292995342,
        0.9979205771520733
    ],
    "timestamp": "2025-03-14 14:40:22",
    "train_time": 2.136671
}