{
    "ast_per36": 0.7606239133003717,
    "minutes_weight": 0.11966442891927523,
    "mins": 0.11807392770677531,
    "PF": 0.00010758570434409006,
    "std_blk": 6.64969047398872e-05,
    "plusMinus": 5.374875716002116e-05,
    "std_stl_std": 5.2843340580882306e-05,
    "std_plusMinus_std": 4.710285212315175e-05,
    "std_ast": 4.263642227376968e-05,
    "last5_plusMinus": 4.05410571941584e-05,
    "std_blk_std": 3.5841272545990725e-05,
    "pts_per36": 3.535864830462888e-05,
    "std_plusMinus": 3.362713630164313e-05,
    "Age": 3.0440350477175947e-05,
    "std_mins_std": 2.6696189479897145e-05,
    "last5_fga": 2.6621688967272405e-05,
    "std_fta": 2.6227275753690164e-05,
    "fta": 2.5497859573042187e-05,
    "MP": 2.5391645823621125e-05,
    "std_TOV": 2.4058701394156784e-05,
    "tptfga": 2.3664621174559817e-05,
    "std_fgm_std": 2.3101404752360518e-05,
    "fgm": 2.2842189846368988e-05,
    "FG%": 2.261784537902563e-05,
    "std_pts": 2.1795919389980665e-05,
    "std_ast_std": 2.156831227461329e-05,
    "AST": 2.048722854440047e-05,
    "BPM": 2.0384472409134814e-05,
    "last5_OffReb": 1.864492930908779e-05,
    "std_fgm": 1.777161926690216e-05,
    "games_played": 1.7642920952511343e-05,
    "std_tptfga_std": 1.744872784360726e-05,
    "reb_per36": 1.7001807887624568e-05,
    "last5_reb": 1.684637051870474e-05,
    "PTS": 1.618131029758086e-05,
    "std_tptfga": 1.6142032986578752e-05,
    "std_ftm_std": 1.6135766757092213e-05,
    "std_reb_std": 1.5667295134154838e-05,
    "std_fga": 1.5663649588848866e-05,
    "last5_TOV": 1.5662792811716966e-05,
    "last5_PF": 1.5040632778943901e-05,
    "last5_ast": 1.4929269630934603e-05,
    "std_TOV_std": 1.4434283958707076e-05,
    "std_mins": 1.4341611441043247e-05,
    "std_PF_std": 1.4026493713555598e-05,
    "std_PF": 1.4003857398239508e-05,
    "FT%": 1.372555393530687e-05,
    "std_DefReb_std": 1.3620388068131717e-05,
    "std_fga_std": 1.3585959743936284e-05,
    "std_tptfgm": 1.3559182830125698e-05,
    "std_fta_std": 1.3558260384396771e-05,
    "std_pts_std": 1.3428667038341569e-05,
    "OBPM": 1.3421307273468287e-05,
    "last5_fta": 1.3398321355120143e-05,
    "last5_mins": 1.3209992135895854e-05,
    "stl_per36": 1.320389295676218e-05,
    "tptfgm": 1.3009980110757004e-05,
    "std_ftm": 1.2987180291970009e-05,
    "pts": 1.2841036817170582e-05,
    "std_tptfgm_std": 1.2471221096792475e-05,
    "3P%": 1.2371567368132443e-05,
    "std_stl": 1.2181453661141582e-05,
    "blk_per36": 1.1408749751614749e-05,
    "DBPM": 1.1319238017728022e-05,
    "std_OffReb_std": 1.0670994105512707e-05,
    "TRB": 1.063483580703497e-05,
    "last5_pts": 1.0364569361512656e-05,
    "TOV_y_per36": 1.0024869457661478e-05,
    "USG%": 9.931256827147291e-06,
    "ftm": 9.707788062356795e-06,
    "std_OffReb": 9.706075678599113e-06,
    "last5_fgm": 8.94380162476455e-06,
    "last5_stl": 8.820147720206085e-06,
    "DefReb": 8.516712859650117e-06,
    "std_DefReb": 8.090695577635531e-06,
    "std_reb": 8.031975662972715e-06,
    "fga": 7.98055701119962e-06,
    "TOV_per36": 7.861599893914913e-06,
    "last5_tptfga": 7.703301419580387e-06,
    "last5_tptfgm": 7.698404548089862e-06,
    "reb": 7.681713567391097e-06,
    "TOV": 7.548868534442368e-06,
    "WS/48": 7.354140567606476e-06,
    "last5_ftm": 7.194370246177614e-06,
    "TOV_x_per36": 6.974485988461518e-06,
    "STL": 6.6566973538739756e-06,
    "std_tptfgp_std": 6.387557177363411e-06,
    "stl": 6.348606106391751e-06,
    "ftp": 5.9906982293690865e-06,
    "last5_DefReb": 5.848122248090222e-06,
    "BLK": 5.488062279606051e-06,
    "TOV_x": 5.029414387339287e-06,
    "last5_blk": 3.906706733206564e-06,
    "TOV_y": 3.170009074738313e-06,
    "OffReb": 2.3445744920143997e-06,
    "last5_tptfgp": 2.1647715385116933e-06,
    "blk": 1.773892203766625e-06,
    "last5_ftp": 8.110550498221444e-07,
    "tptfgp": 7.805097726883472e-07,
    "std_tptfgp": 6.184418641757444e-07,
    "std_ftp": 1.960490086447275e-07,
    "std_fgp_std": 1.7576386753952643e-07,
    "fgp": 1.6056192422765124e-07,
    "last5_fgp": 1.377942859645103e-07,
    "std_fgp": 1.29599236756434e-07,
    "std_ftp_std": 1.0489630159950908e-07
}