{
    "fgm": 0.9249333771259433,
    "ftm": 0.0416619148263647,
    "tptfgm": 0.013922355675208555,
    "pts_per36": 0.01319053368783936,
    "tptfgp": 0.0011723236313258396,
    "mins": 0.0009593315350970999,
    "ftp": 0.0007959759315900411,
    "minutes_weight": 0.000715434490626216,
    "fga": 0.00039669119542332196,
    "fgp": 0.0003008846468947396,
    "fta": 0.00019709779339925585,
    "tptfga": 0.00010351116842859607,
    "std_fga_std": 4.174153785461759e-05,
    "std_tptfga_std": 3.622453142539741e-05,
    "std_reb": 3.4000217831150815e-05,
    "std_plusMinus": 3.339227658546301e-05,
    "stl_per36": 3.2147702638108384e-05,
    "std_blk_std": 3.1265759665270494e-05,
    "games_played": 2.9691646205972925e-05,
    "3P%": 2.933791239605418e-05,
    "last5_plusMinus": 2.8135186636801673e-05,
    "std_fgm_std": 2.7394250348941727e-05,
    "FT%": 2.7177473989150207e-05,
    "std_plusMinus_std": 2.6995696032195575e-05,
    "reb_per36": 2.6750509110457052e-05,
    "DBPM": 2.5979873432795927e-05,
    "plusMinus": 2.582918119095765e-05,
    "ast_per36": 2.55816034417414e-05,
    "std_mins_std": 2.5089779779279298e-05,
    "std_tptfga": 2.4956406467462464e-05,
    "std_stl": 2.449004668902068e-05,
    "std_PF": 2.4399076518157256e-05,
    "std_tptfgm": 2.4122671112321274e-05,
    "FG%": 2.3651023608928016e-05,
    "std_PF_std": 2.3352768055170936e-05,
    "std_OffReb": 2.3320245150025897e-05,
    "std_DefReb": 2.3196424538998617e-05,
    "std_ftm_std": 2.2634801931572854e-05,
    "last5_TOV": 2.2599941477717308e-05,
    "std_tptfgm_std": 2.2525811479823437e-05,
    "std_fta_std": 2.2248629114549122e-05,
    "TRB": 2.204317964859207e-05,
    "std_reb_std": 2.1813924616106e-05,
    "std_blk": 2.1471551256092946e-05,
    "last5_mins": 2.145930669277227e-05,
    "Age": 2.1156076104995683e-05,
    "std_TOV_std": 2.1074153113120932e-05,
    "last5_tptfga": 2.0936157786014276e-05,
    "std_pts_std": 2.088280333023795e-05,
    "USG%": 2.0740461760779886e-05,
    "std_mins": 2.0331466300874113e-05,
    "last5_stl": 1.9996716844893706e-05,
    "std_ast": 1.983038511133147e-05,
    "std_ast_std": 1.9208124512902314e-05,
    "std_stl_std": 1.919880125664893e-05,
    "MP": 1.9007183500773532e-05,
    "std_OffReb_std": 1.8886372432553603e-05,
    "last5_tptfgm": 1.882339072605217e-05,
    "TOV_x_per36": 1.8652185357797325e-05,
    "std_TOV": 1.824894277336619e-05,
    "AST": 1.8240257775046495e-05,
    "TOV_y_per36": 1.8170384950541564e-05,
    "BPM": 1.7890556668077495e-05,
    "WS/48": 1.7612595174824576e-05,
    "std_fga": 1.734630737644356e-05,
    "last5_fta": 1.734281515784249e-05,
    "std_fta": 1.6671958126811983e-05,
    "std_ftm": 1.6313721390355676e-05,
    "STL": 1.5981054410474348e-05,
    "ast": 1.5913559679191018e-05,
    "last5_ftm": 1.581005044918695e-05,
    "last5_reb": 1.579679589309602e-05,
    "OBPM": 1.5402795424849853e-05,
    "last5_ast": 1.4876935647237725e-05,
    "TOV_per36": 1.4567325823133256e-05,
    "last5_PF": 1.4083793039826174e-05,
    "blk_per36": 1.3991269721552622e-05,
    "PTS": 1.3893022073740307e-05,
    "reb": 1.3417823684572834e-05,
    "DefReb": 1.3413401631580444e-05,
    "std_DefReb_std": 1.3180799570287927e-05,
    "last5_fga": 1.3168293128646813e-05,
    "last5_OffReb": 1.1526916278738399e-05,
    "last5_fgm": 1.1290190880494025e-05,
    "BLK": 1.1168933092638231e-05,
    "PF": 1.0943273757464157e-05,
    "std_pts": 1.0868482145151811e-05,
    "last5_pts": 1.0562741554048545e-05,
    "last5_blk": 9.899336197570047e-06,
    "std_fgm": 8.94370098519763e-06,
    "last5_DefReb": 8.923378310029918e-06,
    "OffReb": 8.534119165034656e-06,
    "TOV_x": 7.63840442013883e-06,
    "stl": 7.184402713831273e-06,
    "TOV_y": 6.327738900234642e-06,
    "TOV": 5.223458915859104e-06,
    "blk": 4.814410624160991e-06,
    "last5_tptfgp": 5.200969968596999e-07,
    "std_tptfgp": 2.901082238095147e-07,
    "last5_fgp": 1.721075409310701e-07,
    "std_ftp_std": 1.50193773605315e-07,
    "last5_ftp": 1.492915552441503e-07,
    "std_fgp": 1.1768874834519804e-07,
    "std_tptfgp_std": 1.0051297827785205e-07,
    "std_fgp_std": 9.739881861122768e-08,
    "std_ftp": 4.172065157883241e-08
}