{
    "r2": 0.9986161677090404,
    "mae": 0.06625651921962528,
    "rmse": 0.3267861129366842,
    "explained_variance": 0.9986173366709553,
    "mape": 0.2904483457097582,
    "cv_r2_mean": 0.9955551755048127,
    "cv_r2_std": 0.0010318740445157527,
    "cv_r2_scores": [
        0.9964947401908396,
        0.9964255731259815,
        0.994134568830524,
        0.9962519919881416,
        0.9944690033885766
    ],
    "timestamp": "2025-03-14 14:40:12",
    "train_time": 3.219201
}