{
    "r2": 0.9985561451568559,
    "mae": 0.011184083446011194,
    "rmse": 0.13547361459380453,
    "explained_variance": 0.9985576952500728,
    "mape": 0.07899794388928427,
    "cv_r2_mean": 0.9958831987435905,
    "cv_r2_std": 0.0027098084295047423,
    "cv_r2_scores": [
        0.9909469166050663,
        0.997309131343983,
        0.9986428513883581,
        0.9951590728025598,
        0.9973580215779856
    ],
    "timestamp": "2025-03-14 14:40:17",
    "train_time": 2.270073
}