{
    "DefReb": 0.8390432785305557,
    "OffReb": 0.15202884626126367,
    "reb_per36": 0.007078279534494068,
    "mins": 0.0005406477597888597,
    "minutes_weight": 0.0004249111797569087,
    "std_blk": 3.7102446677388225e-05,
    "std_reb_std": 3.391925480175243e-05,
    "std_PF_std": 2.1239783991990035e-05,
    "std_plusMinus": 2.0908583018370913e-05,
    "std_reb": 2.0571154433279018e-05,
    "fta": 2.0294404780960414e-05,
    "TRB": 1.950788410110859e-05,
    "std_plusMinus_std": 1.898853615133935e-05,
    "last5_plusMinus": 1.8984716299924794e-05,
    "std_pts_std": 1.7082781649740247e-05,
    "std_DefReb_std": 1.6537786709708474e-05,
    "std_PF": 1.611882623056356e-05,
    "std_blk_std": 1.5920781809996564e-05,
    "std_OffReb_std": 1.572370334035077e-05,
    "TOV": 1.5117572780853749e-05,
    "last5_reb": 1.4811617280276945e-05,
    "DBPM": 1.4630285389498697e-05,
    "std_OffReb": 1.4388986452998156e-05,
    "std_DefReb": 1.3869869847338554e-05,
    "last5_ast": 1.3280372104200312e-05,
    "std_TOV_std": 1.2866846749776319e-05,
    "ast_per36": 1.2568410092335824e-05,
    "last5_blk": 1.2501359440107347e-05,
    "last5_OffReb": 1.1822759755847293e-05,
    "plusMinus": 1.1713123332562942e-05,
    "USG%": 1.169910225682804e-05,
    "fga": 1.1584087553260614e-05,
    "FG%": 1.1353559938157528e-05,
    "BLK": 1.1328507816101704e-05,
    "std_mins": 1.1296985917430699e-05,
    "OBPM": 1.081045504083833e-05,
    "games_played": 1.0806375744394454e-05,
    "last5_ftm": 1.072983163052683e-05,
    "std_mins_std": 1.041179710348353e-05,
    "std_TOV": 9.791264020370602e-06,
    "TOV_per36": 9.49695713692145e-06,
    "std_fta_std": 9.429156208576784e-06,
    "std_fga_std": 9.315526498823722e-06,
    "last5_DefReb": 9.30794387619127e-06,
    "std_ast": 9.1436636231642e-06,
    "std_fta": 8.976668856935498e-06,
    "STL": 8.798915001937797e-06,
    "last5_stl": 8.657457679074695e-06,
    "last5_fga": 8.557576165571524e-06,
    "std_stl_std": 8.236710939742707e-06,
    "std_ftm": 8.104534080463064e-06,
    "std_fgm_std": 8.097864623721202e-06,
    "TOV_x_per36": 7.95892451318426e-06,
    "last5_mins": 7.92388197294948e-06,
    "last5_TOV": 7.845179903265748e-06,
    "TOV_y": 7.763596458956675e-06,
    "last5_fta": 7.6130219365244825e-06,
    "std_ftm_std": 7.503970128184179e-06,
    "last5_PF": 7.273534946493386e-06,
    "MP": 7.250297474843382e-06,
    "last5_fgm": 6.88665407350957e-06,
    "pts": 6.845276627476582e-06,
    "blk_per36": 6.427299357942605e-06,
    "PTS": 6.270356386446933e-06,
    "pts_per36": 6.173579600643393e-06,
    "fgm": 6.142783407652779e-06,
    "last5_pts": 6.132206859231531e-06,
    "std_stl": 6.02221846918279e-06,
    "WS/48": 5.911250927050345e-06,
    "TOV_y_per36": 5.654025070938334e-06,
    "3P%": 5.629429153840436e-06,
    "std_fga": 5.5180697622518635e-06,
    "AST": 5.471373368506863e-06,
    "stl_per36": 5.398573172406935e-06,
    "std_ast_std": 5.341442417861206e-06,
    "PF": 5.2501074227238514e-06,
    "std_tptfgm": 5.055542061047178e-06,
    "FT%": 4.972133324703941e-06,
    "std_tptfga_std": 4.882630881452713e-06,
    "Age": 4.7210550692751705e-06,
    "tptfgm": 4.456238214835758e-06,
    "ftm": 4.217953233632392e-06,
    "tptfgp": 4.125063430138184e-06,
    "tptfga": 4.100564778450048e-06,
    "std_tptfga": 4.0612554615454e-06,
    "blk": 4.011183742371094e-06,
    "std_pts": 3.908051639107127e-06,
    "ast": 3.6514705987304803e-06,
    "TOV_x": 3.3415997850495966e-06,
    "BPM": 3.1653002778446922e-06,
    "last5_tptfga": 2.6213837918634092e-06,
    "std_fgm": 2.221974443492418e-06,
    "stl": 2.153666571796912e-06,
    "std_tptfgm_std": 2.1013450632224535e-06,
    "last5_tptfgm": 1.6609673915319257e-06,
    "std_tptfgp": 5.627912609031942e-07,
    "std_tptfgp_std": 4.488771669663437e-07,
    "last5_tptfgp": 4.3843877463435965e-07,
    "last5_ftp": 2.122879873942977e-07,
    "std_ftp": 1.5980513314865677e-07,
    "ftp": 1.0750486925911197e-07,
    "last5_fgp": 3.5623514334469514e-08,
    "std_ftp_std": 2.8183327301574037e-08,
    "fgp": 0.0,
    "std_fgp": 0.0,
    "std_fgp_std": 0.0
}